dataset,Outside Temperature,Avg. Temperature,Temperature difference,RH,va,Tg,Age,Male,Female,Height,Weight,Well-being,Duration,Icl,Alley,Window,y
August,15.69,18.56,2.92,73.44,0.04,17.87,23,0,1,169.0,74.0,1.0,7.5,1.0628,1,0,-1
August,15.59,19.185000000000002,1.65,74.41,0.155,18.125,18,1,0,186.0,105.0,1.0,22.5,0.82065,1,0,0
August,15.69,19.58,1.745,73.255,0.02,18.905,33,0,1,160.0,45.0,2.0,7.5,0.72045,0,1,0
August,15.69,19.105,1.6150000000000002,73.275,0.24,18.155,26,0,1,167.0,59.0,1.0,7.5,0.65365,0,1,-1
August,15.69,19.05,3.47,77.18,0.24,18.62,47,0,1,172.0,70.0,2.0,7.5,0.7454999999999999,1,0,1
August,15.69,19.695,1.8,73.39,0.02,19.75,23,1,0,185.0,73.0,2.0,7.5,0.98765,1,0,-1
August,15.69,19.08,3.56,77.14,0.26,18.69,49,1,0,178.0,60.0,1.0,22.5,0.3948,0,1,0
August,15.81,18.65,3.1,72.33,0.04,18.37,29,1,0,192.0,95.0,1.0,22.5,0.6536500000000001,1,0,1
August,15.81,19.299999999999997,1.56,72.77000000000001,0.18,18.375,27,0,1,155.0,55.0,1.0,7.5,0.70375,1,0,1
August,15.81,19.23,1.615,71.725,0.17500000000000002,18.47,33,1,0,190.0,100.0,1.0,7.5,0.98765,0,1,1
August,15.91,19.225,1.615,71.67500000000001,0.18,18.44,56,1,0,187.0,130.0,1.0,22.5,0.8123,1,0,-1
August,15.91,19.245,1.5699999999999998,71.655,0.13,18.47,46,0,1,155.0,73.0,1.0,7.5,0.90415,0,1,0
August,15.91,18.71,3.01,72.42,0.04,18.5,38,1,0,191.0,78.0,1.0,7.5,1.17135,0,1,0
August,15.91,19.12,3.59,75.91,0.26,19.12,47,0,1,165.0,60.0,2.0,52.5,0.98765,0,1,0
August,15.91,19.29,1.2,77.4,0.08,19.12,39,0,1,150.0,66.0,1.0,7.5,1.47195,0,1,-1
August,16.1,19.42,1.48,70.5,0.16,18.53,22,1,0,184.0,78.0,2.0,22.5,0.75385,1,0,-1
August,16.1,19.39,1.09,75.36,0.08,19.37,43,0,1,158.0,63.0,0.0,7.5,0.68705,0,1,0
August,16.5,19.86,1.09,74.73,0.08,20.06,25,1,0,170.0,68.0,1.0,60.0,0.58685,0,1,0
August,16.3,19.5,3.1,71.04,0.04,19.31,24,0,1,165.0,54.0,0.0,22.5,1.1129,0,1,1
August,16.3,20.07,1.15,75.69,0.08,20.19,19,0,1,167.0,64.0,2.0,22.5,0.58685,0,1,1
August,16.3,20.15,1.6150000000000002,70.34,0.15,18.97,16,1,0,180.0,90.0,2.0,7.5,0.55345,0,1,1
August,16.2,20.14,1.5862500000000002,69.935,0.135,19.0,58,0,1,163.0,99.0,1.0,7.5,1.0127,0,1,1
August,16.41,20.18,3.47,73.41,0.29,20.56,18,1,0,188.0,88.0,2.0,7.5,0.60355,0,1,0
August,17.7,21.715,2.23,62.26,0.14,20.34,24,0,1,165.0,60.0,1.0,7.5,0.38645,0,1,0
August,17.7,20.54,3.8,66.41,0.05,19.75,68,1,0,180.0,79.0,1.0,52.5,0.93755,0,1,1
August,17.7,20.92,1.74,72.46,0.08,20.56,34,0,1,165.0,78.0,1.0,7.5,0.75385,0,1,1
August,17.6,21.365000000000002,1.2999999999999998,61.254999999999995,0.175,20.5,31,0,1,163.0,60.0,1.0,7.5,0.62025,0,1,0
August,17.6,21.985,1.465,60.099999999999994,0.03,22.0,39,0,1,167.0,68.0,2.0,37.5,0.9459,0,1,0
August,17.5,20.69,3.01,64.11,0.09,20.5,48,1,0,180.0,70.0,1.0,7.5,0.68705,0,1,1
August,17.5,21.59,1.065,64.07,0.18,20.375,30,0,1,172.0,66.0,0.0,7.5,0.60355,0,1,-1
August,17.6,22.73,1.4549999999999998,58.239999999999995,0.03,22.495,52,0,1,160.0,60.0,-1.0,7.5,0.46995,0,1,0
August,17.5,20.89,2.73,60.44,0.06,21.0,23,0,1,168.0,54.0,2.0,7.5,0.8791,1,0,1
August,17.5,20.54,2.27,65.1,0.23,19.94,30,1,0,172.0,63.0,1.0,22.5,0.55345,0,1,1
August,17.7,20.67,2.08,65.86,0.23,20.06,30,0,1,155.0,60.0,2.0,22.5,0.46995,1,0,0
August,17.8,21.01,2.55,61.23,0.07,21.06,35,1,0,189.0,85.0,1.0,60.0,0.7622,1,0,1
August,17.81,21.68,2.64,60.09,0.1,21.62,43,0,1,170.0,56.0,1.0,7.5,0.68705,1,0,0
August,17.91,23.82,1.815,55.915,0.04,23.405,45,1,0,176.0,62.0,2.0,7.5,0.996,0,1,0
August,17.91,23.82,1.815,55.915,0.04,23.405,12,1,0,153.0,35.0,2.0,7.5,1.05445,0,1,1
August,18.1,22.21,1.02,56.790000000000006,0.245,21.5,19,1,0,185.0,80.0,1.0,22.5,0.5618,1,0,0
August,17.6,22.494999999999997,0.845,58.83,0.19,22.15,11,0,1,165.0,55.0,2.0,11.101973684210526,0.75385,1,0,0
August,17.6,22.51,1.62,65.13,0.09,22.25,23,0,1,163.0,55.0,1.0,7.5,0.4866499999999999,0,1,1
August,16.2,22.685,1.7149999999999999,56.89,0.04,23.625,24,0,1,172.0,58.0,1.0,7.5,1.30495,1,0,0
August,16.2,21.36,1.51,59.675,0.14500000000000002,21.115000000000002,22,1,0,170.0,55.0,1.0,7.5,0.75385,1,0,1
August,15.5,20.78,1.74,70.66,0.09,20.56,48,0,1,171.0,65.0,0.0,22.5,0.75385,0,1,0
August,15.5,20.81,1.85,71.13,0.09,20.62,47,1,0,189.0,84.0,1.0,7.5,0.73715,0,1,0
August,15.5,20.27,2.54,65.78,0.27,21.25,34,0,1,169.0,58.0,1.0,7.5,0.97095,1,0,0
August,15.3,20.81,2.5,66.9,0.07,21.0,32,1,0,186.0,87.0,1.0,22.5,0.88745,0,1,0
August,15.3,20.96,1.79,73.99,0.09,20.75,27,0,1,174.0,57.0,1.0,7.5,0.67035,1,0,0
August,15.2,21.06,1.8,74.35,0.11,20.81,12,0,1,164.0,54.0,1.0,22.5,0.75385,0,1,0
August,15.2,21.06,1.8,74.35,0.11,20.81,15,1,0,173.0,55.0,1.0,22.5,0.7622,1,0,1
August,15.2,21.06,1.8,74.35,0.11,20.81,51,0,1,162.0,65.0,2.0,37.5,0.6536500000000001,0,1,0
August,15.2,21.799999999999997,1.24,66.55,0.185,21.285,40,0,1,163.0,70.0,1.0,37.5,0.75385,0,1,-1
August,15.0,21.08,1.74,73.65,0.2,21.25,60,0,1,164.0,92.0,1.0,37.5,1.1129,0,1,0
August,15.0,21.05,1.79,72.28,0.09,20.94,46,1,0,186.0,95.0,1.0,7.5,0.70375,0,1,1
August,15.8,21.490000000000002,1.665,61.265,0.18,20.655,36,1,0,189.0,97.0,2.0,7.5,0.73715,0,1,1
August,16.7,21.79,2.32,68.47,0.27,21.37,33,1,0,180.0,88.0,1.0,7.5,0.5284,1,0,0
August,16.5,22.83,3.32,68.05,0.11,22.56,71,1,0,180.0,120.0,1.0,7.5,0.3113,0,1,0
August,16.5,22.715,1.365,58.644999999999996,0.16999999999999998,22.16,66,0,1,167.0,61.0,1.0,22.5,0.55345,1,0,-1
August,17.4,21.37,2.45,62.08,0.26,20.88,15,1,0,189.0,98.0,1.0,22.5,1.05445,0,1,1
August,17.4,21.77,5.27,64.85,0.29,22.06,35,0,1,165.0,80.0,2.0,7.5,0.4866499999999999,0,1,-1
August,17.6,23.125,1.75,56.86,0.21000000000000002,21.78,63,1,0,172.0,62.0,1.0,22.5,0.9292,0,1,0
August,17.5,22.92,6.8,62.65,0.32,22.81,12,1,0,170.0,80.0,1.0,22.5,0.4616,0,1,0
August,17.5,23.16,6.91,62.65,0.4,22.81,15,0,1,164.0,57.0,0.0,22.5,0.90415,0,1,1
August,17.5,23.12,6.68,62.65,0.3,22.81,70,0,1,175.0,70.0,1.0,22.5,1.05445,1,0,1
August,17.5,23.41,1.87,56.2,0.22,22.345,24,0,1,168.0,56.0,1.0,22.5,1.13795,0,1,-1
August,17.1,24.65,2.59,52.519999999999996,0.05,24.535,76,0,1,167.0,60.0,1.0,22.5,0.7622,0,1,0
August,16.91,23.259999999999998,1.77,54.345,0.245,22.34,19,0,1,156.0,48.0,1.0,7.5,0.82065,0,1,0
August,17.7,23.44,1.9649999999999999,50.504999999999995,0.16,22.405,27,1,0,183.0,72.0,2.0,22.5,0.8958,0,1,0
August,17.7,20.78,3.43,54.53,0.06,20.75,27,0,1,164.0,75.0,2.0,7.5,0.60355,0,1,-1
August,17.7,20.7,3.61,54.44,0.06,20.81,31,1,0,168.0,86.0,1.0,7.5,0.5116999999999999,0,1,-1
August,17.7,21.33,2.64,57.75,0.23,20.25,31,0,1,160.0,64.0,1.0,7.5,0.82065,0,1,1
August,17.2,22.345,2.265,50.665000000000006,0.16499999999999998,22.125,30,1,0,180.0,81.0,2.0,22.5,0.4449,1,0,0
August,17.2,20.64,3.15,56.91,0.22,19.94,35,0,1,170.0,70.0,2.0,22.5,0.4198499999999999,0,1,1
August,17.5,20.53,3.29,59.42,0.23,19.94,73,1,0,176.0,70.0,1.0,7.5,0.7789,0,1,0
August,17.8,24.32,2.665,52.53,0.05,24.44,42,0,1,170.0,61.0,0.0,7.5,0.88745,1,0,1
August,17.6,22.505,2.235,50.575,0.175,21.965,65,1,0,181.0,91.0,1.0,22.5,0.90415,0,1,-1
August,17.6,22.225,2.275,49.34,0.7050000000000001,21.995,23,0,1,165.0,59.0,1.0,7.5,0.88745,1,0,0
August,17.6,20.89,3.43,55.66,0.13,20.94,23,0,1,160.0,55.0,2.0,22.5,0.7622,0,1,0
August,17.41,20.64,3.61,54.9,0.07,20.88,24,0,1,156.0,50.0,0.0,22.5,0.68705,1,0,-1
August,17.5,24.424999999999997,2.275,49.269999999999996,0.05,24.465,24,1,0,192.0,75.0,1.0,7.5,0.9626,1,0,1
August,17.5,21.56,2.96,58.55,0.25,21.19,58,0,1,157.0,60.0,1.0,7.5,0.7622,1,0,1
August,17.6,23.255000000000003,1.09,51.64,0.325,23.405,20,0,1,170.0,64.0,0.0,11.101973684210526,0.8958,0,1,0
August,17.9,24.925,1.56,48.93,0.07,25.310000000000002,48,1,0,180.0,77.0,0.0,52.5,0.8958,0,1,-1
August,17.7,21.98,2.36,53.05,0.07,22.06,13,0,1,160.0,47.0,2.0,22.5,0.98765,0,1,0
August,18.7,24.924999999999997,1.92,46.025,0.04,25.185,30,1,0,180.0,88.0,0.0,7.5,0.8958,1,0,1
August,18.7,22.3,2.55,52.29,0.1,22.5,29,1,0,181.0,69.0,1.0,22.5,0.70375,0,1,0
August,19.0,22.64,2.09,56.26,0.33,22.37,73,1,0,180.0,100.0,1.0,22.5,0.4616,0,1,0
August,19.0,23.3,1.62,56.99,0.18,23.12,45,0,1,170.0,100.0,1.0,7.5,0.6954,1,0,0
August,19.1,22.92,1.75,52.37,0.3,22.87,24,0,1,173.0,58.0,1.0,22.5,0.7956,1,0,-1
August,19.1,22.99,2.31,56.12,0.29,22.75,53,1,0,190.0,99.0,1.0,22.5,0.4616,0,1,1
August,19.2,23.01,2.22,56.0,0.29,22.75,28,1,0,182.0,98.0,1.0,52.5,0.7622,0,1,0
August,19.2,23.84,1.25,54.05,0.13,23.87,64,1,0,180.0,105.0,0.0,7.5,0.90415,0,1,1
August,19.2,23.86,1.25,54.78,0.11,23.87,17,1,0,189.0,73.0,1.0,22.5,0.4616,0,1,0
August,18.9,22.31,2.55,53.97,0.28,22.13,17,1,0,189.0,84.0,1.0,7.5,0.63695,0,1,1
August,18.6,22.36,2.83,54.62,0.32,22.31,41,0,1,164.0,60.0,2.0,22.5,0.7622,1,0,-1
August,18.6,23.84,1.09,55.55,0.14,23.81,43,1,0,178.0,84.0,1.0,22.5,0.6703500000000001,1,0,1
August,17.91,23.8,1.03,55.99,0.14,23.87,39,1,0,188.0,79.0,1.0,7.5,0.60355,0,1,0
August,17.8,22.11,2.92,55.71,0.36,22.25,25,0,1,150.0,44.0,1.0,7.5,0.7288,0,1,0
August,18.0,22.7,1.81,52.5,0.13,23.25,25,1,0,165.0,45.0,1.0,7.5,0.8540500000000001,1,0,0
August,18.0,23.7,1.15,56.31,0.12,23.87,44,0,1,173.0,85.0,1.0,7.5,0.75385,1,0,0
August,18.1,21.89,2.79,55.93,0.29,21.87,20,1,0,180.0,85.0,1.0,7.5,0.8791,1,0,-1
August,17.7,21.91,1.94,57.59,0.23,21.75,85,0,1,185.0,76.0,-1.0,7.5,0.77055,0,1,0
August,17.6,23.745,1.15,51.28,0.26,23.965,47,1,0,182.0,84.0,1.0,7.5,0.90415,1,0,-1
August,17.7,23.825000000000003,1.345,50.375,0.245,23.815,81,0,1,155.0,59.0,1.0,22.5,0.9626,0,1,1
August,17.7,23.84,1.46,50.535,0.2,23.810000000000002,18,0,1,163.0,57.0,1.0,7.5,0.5116999999999999,0,1,0
August,17.8,22.09,2.18,58.36,0.39,22.31,63,0,1,176.0,62.0,1.0,7.5,1.1296,0,1,1
August,17.8,22.31,1.81,54.79,0.11,22.75,57,0,1,167.0,68.0,1.0,7.5,0.55345,1,0,0
August,17.8,22.06,2.27,58.19,0.28,22.31,26,1,0,176.0,84.0,1.0,22.5,0.6119,0,1,1
August,18.1,22.44,1.99,57.58,0.29,22.62,15,1,0,195.0,60.0,1.0,7.5,0.58685,1,0,-1
August,18.1,23.17,1.52,59.67,0.1,23.19,15,1,0,178.0,60.0,1.0,7.5,0.7622,0,1,1
August,18.3,22.39,1.71,54.95,0.08,22.75,19,0,1,167.0,55.0,0.0,52.5,1.18805,0,1,1
August,18.3,22.54,2.11,57.65,0.33,22.69,21,1,0,184.0,80.0,2.0,22.5,0.8791,1,0,1
August,18.4,21.98,2.78,57.36,0.26,22.13,47,1,0,185.0,86.0,1.0,7.5,0.4616,1,0,0
August,18.4,22.56,1.95,57.29,0.29,22.75,33,0,1,172.0,70.0,2.0,7.5,0.6703500000000001,1,0,0
August,18.1,23.67,1.425,48.364999999999995,0.255,23.810000000000002,18,1,0,200.0,100.0,1.0,7.5,0.9626,0,1,1
August,18.1,22.58,1.44,53.73,0.15,22.69,34,1,0,182.0,80.0,1.0,7.5,0.80395,1,0,1
August,18.1,22.6,1.48,53.66,0.1,22.75,43,1,0,176.0,95.0,1.0,7.5,0.8540500000000001,1,0,0
August,17.1,22.04,1.425,53.504999999999995,0.195,22.875,35,1,0,175.0,65.0,0.0,7.5,0.662,1,0,-1
August,16.6,20.58,1.48,63.02,0.22,20.62,38,1,0,186.0,78.0,1.0,7.5,1.18805,0,1,-1
August,16.41,21.935000000000002,1.79,55.010000000000005,0.175,22.25,26,1,0,178.0,65.0,1.0,7.5,1.10455,1,0,0
August,16.1,20.66,1.8,61.64,0.06,21.25,27,1,0,171.0,55.0,0.0,7.5,0.88745,0,1,-1
August,15.3,20.8,1.52,68.93,0.09,21.0,25,0,1,158.0,45.0,1.0,7.5,1.15465,1,0,1
August,15.3,21.950000000000003,1.6349999999999998,58.015,0.14,22.09,36,1,0,179.0,110.0,1.0,7.5,0.62025,1,0,1
August,15.3,20.81,1.57,68.96,0.09,21.0,23,1,0,180.0,82.0,1.0,7.5,1.0795,0,1,1
August,15.1,20.87,1.53,67.16,0.26,20.81,25,1,0,184.0,80.0,2.0,22.5,0.60355,0,1,0
August,15.0,23.17,1.92,57.894999999999996,0.04,24.22,24,0,1,165.0,56.0,2.0,22.5,0.90415,1,0,0
August,15.0,22.015,1.495,59.125,0.15,22.12,34,0,1,150.0,50.0,2.0,7.5,0.60355,0,1,1
August,15.0,20.83,1.74,67.1,0.09,21.25,28,1,0,186.0,95.0,1.0,22.5,0.8958,0,1,-1
August,14.8,20.45,2.34,64.23,0.27,21.0,46,1,0,178.0,105.0,1.0,22.5,0.6954,1,0,1
August,14.8,20.86,1.76,62.54,0.06,21.19,24,1,0,190.0,89.0,0.0,7.5,0.72045,0,1,0
August,15.0,22.9,2.05,57.755,0.04,23.78,42,0,1,167.0,70.0,2.0,7.5,0.5451,0,1,0
August,15.2,21.38,1.63,68.9,0.09,21.75,48,1,0,178.0,68.0,1.0,22.5,0.78725,0,1,0
August,15.41,21.44,1.63,68.6,0.09,21.81,26,0,1,165.0,58.0,1.0,7.5,0.7121000000000001,1,0,1
November,5.2,12.83,4.65,74.57,0.44,12.81,62,0,1,162.0,60.0,0.0,7.5,1.1964,1,0,-1
November,5.3,13.274999999999999,3.4,72.64,0.0,12.435,36,0,1,163.0,65.0,0.0,7.5,0.8457,1,0,0
November,5.3,13.275,3.3600000000000003,72.695,0.0,12.435,44,1,0,190.0,100.0,1.0,7.5,1.38845,0,1,-1
November,5.3,12.59,4.19,78.67,0.13,11.63,31,0,1,170.0,55.0,1.0,7.5,1.4469,0,1,1
November,5.6,12.925,2.9450000000000003,72.94999999999999,0.0,12.375,33,1,0,188.0,85.0,2.0,7.5,1.1296,0,1,-1
November,5.6,12.29,2.63,76.63,0.1,11.5,23,0,1,168.0,68.0,-1.0,22.5,1.07115,1,0,-1
November,5.5,11.43,3.47,75.47,0.12,12.31,77,0,1,165.0,62.0,1.0,7.5,1.30495,0,1,-1
November,5.5,11.95,3.7,81.54,0.04,11.31,22,0,1,178.0,80.0,0.0,7.5,1.0628,0,1,0
November,5.6,11.96,2.6799999999999997,78.975,0.03,11.625,25,0,1,163.0,65.0,-1.0,7.5,1.1463,0,1,0
November,5.6,11.96,2.6799999999999997,78.975,0.03,11.625,82,0,1,165.0,62.0,1.0,7.5,1.15465,0,1,-1
November,5.5,11.96,2.725,79.94,0.03,11.655000000000001,27,0,1,168.0,57.0,0.0,37.5,0.98765,0,1,0
November,5.4,11.69,3.51,77.94,0.03,10.75,38,1,0,187.0,69.0,0.0,7.5,0.8958,1,0,0
November,5.3,11.44,3.3,81.3,0.06,11.0,33,1,0,174.0,61.0,1.0,7.5,1.30495,0,1,0
November,5.2,11.41,3.3,77.89,0.03,10.56,73,1,0,167.0,83.0,1.0,7.5,1.05445,0,1,0
November,5.4,10.87,1.475,77.71000000000001,0.03,10.875,61,1,0,176.0,80.0,0.0,7.5,1.00435,1,0,-1
November,5.4,10.885,1.47,77.955,0.03,10.844999999999999,38,1,0,183.0,60.0,1.0,7.5,1.23815,0,1,-1
November,5.6,10.71,1.79,78.53,0.12,10.13,35,1,0,189.0,87.0,0.0,7.5,1.3133,0,1,-1
November,5.6,10.64,2.82,79.56,0.03,9.81,47,1,0,184.0,81.0,1.0,22.5,0.8958,1,0,-1
November,5.6,11.975,1.87,72.59,0.01,12.030000000000001,35,0,1,176.0,67.0,0.0,7.5,1.1129,1,0,0
November,5.9,11.0,2.58,84.67,0.03,10.13,27,0,1,160.0,60.0,1.0,7.5,1.2298,0,1,1
November,5.9,12.120000000000001,2.05,73.035,0.0,12.125,55,0,1,170.0,74.0,1.0,7.5,0.9793,1,0,0
November,6.0,11.51,2.42,78.53,0.12,10.5,26,1,0,190.0,90.0,0.0,7.5,1.23815,1,0,1
November,6.0,11.51,2.42,78.53,0.12,10.5,85,0,1,163.0,76.0,1.0,7.5,1.28825,0,1,-1
November,6.0,11.184999999999999,1.605,82.245,0.04,10.94,83,0,1,157.0,53.0,-1.0,22.5,1.1964,0,1,-1
November,6.0,11.27,1.74,82.69,0.07,11.0,86,0,1,164.0,61.0,0.0,22.5,1.2465,1,0,-1
November,6.1,11.415,1.8599999999999999,83.11,0.03,11.065000000000001,83,0,1,169.0,70.0,-1.0,22.5,1.1129,1,0,-1
November,6.3,11.76,2.83,86.16,0.06,10.69,49,0,1,160.0,50.0,0.0,22.5,1.0795,1,0,0
November,6.3,12.45,2.63,79.76,0.11,11.12,71,0,1,162.0,51.0,1.0,22.5,1.15465,1,0,0
November,6.2,11.86,2.74,85.8,0.06,10.69,52,1,0,186.0,95.0,1.0,22.5,1.07115,0,1,0
November,6.3,14.555,2.825,68.695,0.02,13.934999999999999,35,1,0,177.0,78.0,1.0,7.5,1.30495,0,1,1
November,6.3,13.635000000000002,3.24,75.935,0.03,12.97,35,1,0,173.0,65.0,1.0,7.5,1.2632,1,0,-1
November,6.4,14.61,4.79,77.09,0.1,12.63,47,1,0,183.0,90.0,-1.0,7.5,1.33835,1,0,1
November,6.4,14.61,4.79,77.09,0.1,12.63,60,0,1,178.0,84.0,0.0,7.5,1.07115,0,1,0
November,6.8,13.54,4.77,74.15,0.35,13.56,23,0,1,168.0,72.0,1.0,22.5,1.15465,0,1,-1
November,6.8,13.805,3.29,75.38,0.03,13.184999999999999,33,0,1,172.0,62.0,1.0,7.5,1.30495,1,0,-1
November,6.8,15.48,5.44,75.4,0.1,12.88,45,1,0,175.0,130.0,1.0,22.5,0.8958,1,0,1
November,6.8,15.225,3.0250000000000004,72.20500000000001,0.01,14.84,34,1,0,165.0,62.0,-1.0,7.5,1.25485,0,1,0
November,6.4,14.5,2.96,72.59,0.09,13.31,77,0,1,170.0,57.0,0.0,7.5,1.33,1,0,1
November,6.5,13.11,2.3,73.08500000000001,0.03,12.94,25,1,0,198.0,98.0,2.0,7.5,0.9793,0,1,0
November,6.5,12.52,2.63,72.93,0.09,12.0,63,0,1,172.0,63.0,1.0,7.5,1.163,0,1,0
November,6.6,12.18,2.86,76.62,0.07,11.69,27,1,0,183.0,110.0,0.0,7.5,0.8624,1,0,0
November,6.6,12.7,2.41,73.9,0.1,12.06,85,0,1,160.0,62.0,0.0,7.5,1.10455,0,1,-1
November,6.6,13.785,2.46,66.03,0.01,13.94,14,0,1,153.0,50.0,1.0,7.5,1.2465,0,1,0
November,6.7,12.75,2.1500000000000004,73.525,0.05,12.530000000000001,53,0,1,173.0,69.0,-1.0,7.5,1.33835,1,0,-1
November,6.7,12.04,2.83,76.94,0.09,11.56,18,0,1,158.0,60.0,1.0,7.5,1.1964,0,1,-1
November,6.7,12.08,2.82,77.24,0.07,11.56,31,1,0,177.0,72.0,1.0,7.5,1.05445,0,1,0
November,6.8,12.52,2.135,74.52,0.03,12.435,20,1,0,175.0,65.0,0.0,22.5,1.1296,0,1,-1
November,7.0,12.235,1.885,75.695,0.03,12.219999999999999,41,0,1,177.0,60.0,0.0,22.5,1.2799,0,1,-1
November,7.0,12.2,3.28,73.31,0.27,12.69,66,0,1,162.0,62.0,1.0,7.5,1.15465,0,1,0
November,7.4,13.445,2.2800000000000002,68.03999999999999,0.0,13.690000000000001,20,1,0,186.0,75.0,1.0,22.5,1.22145,0,1,1
November,7.2,12.8,2.41,76.03,0.06,12.0,23,1,0,168.0,72.0,1.0,22.5,1.15465,1,0,-1
November,7.3,15.476,6.9,69.79,0.02,13.06,24,1,0,190.0,79.0,1.0,7.5,0.98765,0,1,0
November,7.3,14.24,3.21,71.43,0.09,13.06,23,0,1,168.0,75.0,1.0,7.5,1.15465,1,0,-1
November,7.5,16.15,6.61,71.8,0.12,13.94,29,0,1,175.0,69.0,1.0,7.5,1.35505,1,0,1
November,7.6,16.705,3.3200000000000003,63.86,0.02,16.375,24,1,0,177.0,75.0,1.0,7.5,0.97095,0,1,1
November,7.6,16.7,7.22,72.51,0.2,14.06,48,0,1,163.0,53.0,1.0,7.5,1.4803,1,0,0
November,7.6,17.31,7.83,69.44,0.02,14.38,31,0,1,168.0,60.0,1.0,22.5,1.23815,0,1,1
November,7.6,16.89,7.37,73.32,0.14,14.13,70,1,0,173.0,85.0,1.0,7.5,0.9626,0,1,1
November,7.4,17.05,7.58,70.59,0.12,14.06,49,0,1,166.0,50.0,1.0,7.5,1.1964,0,1,0
November,7.3,15.945,4.715,69.67,0.04,14.875,19,1,0,170.0,70.0,0.0,7.5,1.00435,1,0,-1
November,7.5,16.66,4.154999999999999,63.15,0.02,16.97,55,1,0,186.0,79.0,1.0,7.5,0.9793,1,0,0
November,7.8,17.8,7.58,70.43,0.16,14.63,32,1,0,181.0,68.0,2.0,7.5,1.5304,0,1,0
November,7.7,16.46,5.97,71.02,0.16,14.63,25,1,0,162.0,70.0,1.0,22.5,1.163,0,1,0
November,7.7,16.17,4.59,70.5,0.07,15.22,40,0,1,156.0,73.0,-1.0,22.5,1.2298,0,1,0
November,7.5,18.270000000000003,4.12,60.075,0.02,18.155,25,0,1,168.0,60.0,1.0,7.5,1.17135,1,0,0
November,7.5,14.785,4.005,60.58,0.02,18.215,26,1,0,185.0,70.0,1.0,7.5,1.22145,1,0,0
November,7.6,16.87,5.51,68.73,0.27,15.63,30,0,1,178.0,70.0,1.0,7.5,1.4302,1,0,0
November,7.9,17.57,4.46,67.29,0.07,15.69,16,1,0,193.0,90.0,2.0,22.5,0.8624,1,0,1
November,8.1,19.244999999999997,4.215,60.255,0.03,19.0,33,0,1,173.0,61.0,0.0,22.5,1.27155,1,0,1
November,7.9,19.45,4.57,58.989999999999995,0.03,19.185000000000002,37,0,1,160.0,71.19166666666666,1.0,7.5,1.4302,1,0,-1
March,7.9,12.375,1.52,45.230000000000004,0.03,12.434999999999999,18,0,1,169.0,70.0,0.0,5.0,1.02105,0,1,-1
March,7.9,11.86,1.51,45.21,0.03,11.44,35,1,0,189.0,85.0,1.0,7.5,0.8457,1,0,-1
March,7.9,11.92,1.47,45.24,0.03,11.5,42,0,1,168.0,62.0,1.0,11.101973684210526,1.1129,0,1,-1
March,8.1,11.38,2.36,51.56,0.16,11.25,33,0,1,165.0,61.0,0.0,10.0,1.3467,1,0,-1
March,8.1,12.24,1.38,46.62,0.02,11.75,29,0,1,162.0,63.0,0.0,10.0,1.1129,0,1,-1
March,8.4,11.6,2.87,51.48,0.09,11.44,49,1,0,193.0,100.0,0.0,12.5,0.8958,1,0,0
March,8.4,12.6,1.78,46.42,0.0,12.75,18,0,1,164.0,63.0,1.0,11.101973684210526,0.80395,0,1,0
March,8.4,12.985,1.5699999999999998,47.364999999999995,0.03,12.91,44,0,1,158.0,65.0,1.0,5.0,0.6703500000000001,1,0,0
March,8.4,12.61,1.78,46.5,0.0,12.75,45,1,0,176.0,76.0,1.0,17.5,0.9208500000000002,0,1,-1
March,8.5,12.69,1.47,47.37,0.03,12.19,34,1,0,170.0,89.0,2.0,20.0,0.9292,0,1,-1
March,8.9,12.92,1.55,46.66,0.02,12.44,27,1,0,185.0,94.0,-1.0,2.5,1.3467,0,1,-1
March,8.5,13.13,1.64,45.83,0.02,12.63,22,0,1,163.0,58.0,0.0,2.5,1.40515,1,0,-1
March,8.5,12.49,2.36,51.48,0.19,12.31,57,0,1,168.0,58.0,2.0,5.0,1.15465,0,1,-1
March,8.6,14.25,1.72,42.53,0.02,13.81,20,0,1,163.0,66.0,2.0,7.5,0.95425,1,0,0
March,8.9,14.78,2.41,43.65,0.02,14.25,17,1,0,179.0,64.0,2.0,12.5,1.10455,0,1,1
March,9.3,15.06,2.33,44.49,0.02,14.5,37,0,1,160.0,78.0,1.0,17.5,1.1463,1,0,0
March,9.2,15.06,2.41,41.84,0.02,14.69,50,0,1,167.0,68.0,0.0,7.5,1.30495,0,1,-1
March,9.9,14.83,2.32,38.04,0.02,14.56,16,1,0,175.0,55.0,1.0,17.5,0.7288,0,1,0
March,9.8,15.87,3.42,45.78,0.19,14.63,60,0,1,170.0,79.0,0.0,5.0,1.3634,1,0,-1
March,10.1,17.26,5.73,44.97,0.22,16.06,16,1,0,161.0,43.0,1.0,2.5,0.5785,0,1,1
March,10.5,18.51,1.55,37.87,0.0,17.94,18,1,0,181.0,70.0,1.0,7.5,0.67035,0,1,0
March,10.6,19.14,1.76,37.03,0.0,18.06,32,1,0,184.0,71.0,1.0,27.5,0.68705,1,0,-1
March,10.3,19.37,1.9,34.89,0.01,18.44,51,0,1,174.0,56.0,1.0,2.5,1.10455,1,0,0
March,10.3,19.3,1.86,34.89,0.01,18.44,57,0,1,173.0,68.0,1.0,7.5,1.2799,0,1,-1
March,10.2,19.2,1.68,34.99,0.01,18.5,38,0,1,164.0,65.0,2.0,22.5,1.30495,0,1,1
March,10.1,19.06,1.77,35.47,0.01,18.56,35,1,0,189.0,85.0,1.0,37.5,1.13795,1,0,-1
March,10.2,19.175,1.455,37.144999999999996,0.11,18.815,17,1,0,183.0,74.0,1.0,5.0,0.8791,1,0,1
March,10.3,19.195,1.415,37.14,0.11,18.78,18,0,1,163.0,52.0,1.0,5.0,1.2799,0,1,0
March,10.2,19.58,1.98,34.01,0.0,18.69,27,1,0,185.0,94.0,1.0,7.5,1.17135,0,1,1
March,10.1,19.155,1.1949999999999998,35.25,0.08,18.905,61,0,1,172.0,85.0,1.0,7.5,0.8457,1,0,0
March,10.2,18.54,2.08,33.504999999999995,0.05,18.56,65,0,1,163.0,69.0,2.0,2.5,0.996,0,1,0
March,10.0,18.4,2.41,33.97,0.01,18.19,55,0,1,150.0,60.0,1.0,2.5,1.1463,1,0,0
March,10.0,19.11,1.95,37.1,0.02,19.69,0,0,1,167.0,100.0,0.0,5.0,0.9459,0,1,-1
March,9.9,19.75,2.985,38.82,0.12,19.0,60,1,0,168.0,78.0,1.0,7.5,0.8958000000000002,1,0,-1
March,10.3,19.06,1.98,36.51,0.01,18.75,40,1,0,181.0,85.0,1.0,7.5,1.57215,0,1,0
March,10.1,19.700000000000003,2.41,33.77,0.1,19.78,36,1,0,192.0,83.0,1.0,2.5,1.15465,0,1,0
March,10.1,17.96,3.34,43.34,0.26,18.25,26,0,1,176.0,59.0,1.0,20.0,0.8290000000000001,1,0,-1
March,10.1,19.37,1.69,32.25,0.02,20.19,16,0,1,173.0,63.0,2.0,2.5,0.996,0,1,1
March,9.9,19.74,1.35,31.98,0.02,20.31,33,1,0,189.0,105.0,1.0,7.5,1.17135,1,0,1
March,10.0,18.98,2.24,33.37,0.01,18.94,87,0,1,166.0,69.0,1.0,12.5,1.30495,1,0,0
March,9.9,19.475,1.025,34.03,0.07,19.875,49,1,0,170.0,64.0,1.0,5.0,1.2298,1,0,-1
March,10.0,18.87,1.9,34.99,0.01,18.87,36,0,1,173.0,62.0,1.0,7.5,1.03775,1,0,-1
March,10.2,19.02,1.48,32.66,0.02,19.81,23,0,1,165.0,65.0,1.0,5.0,0.8457,0,1,0
March,10.4,18.62,2.59,35.0,0.01,18.5,0,1,0,170.9344262295082,71.19166666666666,-2.0,7.5,0.93755,0,1,-1
March,10.4,19.15,2.59,34.43,0.01,18.69,40,1,0,185.0,80.0,1.0,2.5,1.2966,1,0,1
March,9.5,19.34,1.31,33.41,0.02,20.12,57,1,0,180.0,100.0,1.0,11.101973684210526,0.9626,1,0,0
April,14.5,18.26,0.98,52.56,0.05,17.37,35,1,0,189.0,85.0,1.0,5.0,0.996,0,1,-1
April,14.5,16.99,2.47,55.94,0.09635483870967741,17.12,40,1,0,175.0,75.0,1.0,5.0,0.9626,0,1,0
April,14.5,17.03,2.39,56.48,0.09635483870967741,17.25,27,1,0,185.0,95.0,-1.0,7.5,0.8874500000000001,1,0,-1
April,14.6,17.99,1.17,51.49,0.06,18.06,17,1,0,183.0,70.0,1.0,5.0,1.4135,0,1,-1
April,14.3,18.145,1.28,51.69,0.05,18.78,31,1,0,178.0,70.0,1.0,5.0,1.1463,1,0,1
April,14.1,17.22,1.72,52.5,0.01,17.31,23,1,0,170.0,68.0,1.0,11.101973684210526,0.75385,0,1,0
April,13.9,18.049999999999997,1.085,58.2,0.08,18.155,36,0,1,169.0,64.0,1.0,5.0,1.17135,0,1,1
April,13.7,17.26,1.78,58.08,0.01,17.87,83,0,1,175.0,70.0,1.0,10.0,1.1463,0,1,1
April,13.5,18.75,1.46,55.425,0.06,19.37,35,0,1,158.0,50.0,1.0,5.0,0.98765,1,0,1
April,13.6,18.755,1.435,55.17,0.06,19.37,38,1,0,174.0,81.0,0.0,32.5,1.1463,0,1,1
April,13.3,18.1,4.08,60.26,0.09635483870967741,17.69,63,1,0,171.0,85.0,0.8417849898580122,5.0,1.3467,0,1,0
April,13.3,19.385,1.995,53.81,0.06,19.81,21,1,0,170.0,76.0,1.0,11.101973684210526,0.90415,0,1,-1
April,13.3,18.68,3.96,51.31,0.01,17.5,31,1,0,189.0,82.0,1.0,5.0,1.3467,1,0,1
April,13.2,18.1,4.16,60.59,0.09635483870967741,17.69,30,0,1,158.0,71.19166666666666,-1.0,7.5,1.0127,0,1,-1
April,13.2,18.7,1.84,54.31,0.05,18.06,57,1,0,198.0,100.0,2.0,11.101973684210526,0.8791,1,0,0
April,13.2,18.76,1.88,60.38,0.04,18.12,17,0,1,171.0,93.0,1.0,10.0,1.18805,1,0,0
April,13.1,18.21,1.46,59.28,0.05,17.81,47,0,1,160.0,72.0,0.0,2.5,1.18805,1,0,1
April,13.1,19.305,2.545,55.165000000000006,0.06,19.905,12,0,1,140.0,155.0,0.0,11.101973684210526,1.18805,0,1,-1
April,13.1,18.76,1.63,63.95,0.05,18.06,26,0,1,173.0,63.0,2.0,5.0,1.23815,0,1,1
April,13.1,18.76,1.63,63.32,0.03,18.12,42,0,1,163.0,67.0,1.0,20.0,0.9292,0,1,1
April,13.0,17.94,3.51,63.23,0.09635483870967741,18.06,65,0,1,165.0,60.0,-1.0,7.5,1.0294,0,1,-1
April,13.0,18.62,1.58,61.32,0.04,18.19,11,0,1,146.0,38.0,1.0,22.5,1.1797,1,0,0
April,13.1,17.55,3.12,60.62,0.01,18.5,61,0,1,167.0,71.19166666666666,2.0,7.5,0.67035,1,0,1
April,12.9,19.04,2.67,64.695,0.04,18.560000000000002,45,0,1,170.0,75.0,1.0,10.0,0.88745,1,0,1
April,12.8,18.805,2.58,63.65,0.04,18.53,38,0,1,157.0,57.0,0.0,2.5,1.0795,1,0,0
April,12.8,18.805,2.58,63.65,0.04,18.53,38,1,0,183.0,100.0,1.0,2.5,0.9626,0,1,0
April,13.0,17.79,3.43,64.33,0.09635483870967741,18.06,24,0,1,156.0,50.0,2.0,5.0,1.4135,1,0,1
April,12.9,18.31,1.24,61.18,0.05,18.31,60,1,0,181.0,86.0,1.0,5.0,0.6954,1,0,1
April,12.9,18.8,3.39,60.71,0.01,18.06,25,0,1,168.0,58.0,1.0,5.0,0.97095,0,1,1
April,12.9,17.75,3.3,64.41,0.09635483870967741,18.06,37,0,1,180.0,70.0,1.0,5.0,0.78725,0,1,1
April,12.9,17.75,3.3,64.41,0.09635483870967741,18.06,40,0,1,166.0,62.0,1.0,5.0,1.20475,0,1,1
April,13.1,19.41,3.0199999999999996,56.475,0.07,20.315,51,0,1,160.0,64.0,0.0,10.0,1.2632,1,0,1
April,13.0,18.675,2.715,61.83,0.04,18.495,38,0,1,172.0,57.0,0.0,12.5,1.4135,0,1,-1
April,13.1,17.79,3.99,64.85,0.09635483870967741,17.75,25,0,1,166.0,67.0,2.0,5.0,1.33835,0,1,-1
April,13.1,19.39,3.04,56.7,0.07,20.375,21,0,1,172.0,55.0,1.0,5.0,1.0294,1,0,0
April,13.1,18.84,2.865,63.115,0.1,18.53,52,0,1,164.0,62.0,2.0,11.101973684210526,0.5785,0,1,0
April,13.1,18.655,2.605,62.17,0.05,18.5,43,0,1,176.0,55.0,0.0,7.5,1.4803,0,1,0
April,13.1,16.87,1.5,61.67,0.05,18.06,47,1,0,172.0,98.0,0.0,22.5,0.9291999999999999,1,0,0
April,13.0,19.845,3.41,57.08,0.07,20.625,34,0,1,170.0,75.0,1.0,10.0,1.1964,1,0,-1
April,13.1,17.06,1.42,61.1,0.05,18.25,28,0,1,170.0,60.0,1.0,2.5,1.17135,0,1,1
April,13.1,17.27,4.33,60.85,0.01,18.37,51,0,1,166.0,68.0,1.0,2.5,1.0628,0,1,0
April,13.0,20.310000000000002,2.58,55.41,0.09,20.810000000000002,56,0,1,166.0,82.0,2.0,7.5,1.1296,0,1,1
April,13.0,18.71,3.26,57.42,0.06,18.47,51,0,1,160.0,65.0,0.0,27.5,1.23815,1,0,1
April,8.1,18.265,3.755,58.815,0.07,19.625,34,1,0,186.0,78.0,1.0,12.5,1.07115,1,0,0
April,7.9,18.265,3.7350000000000003,58.885,0.07,19.625,26,0,1,172.0,64.0,0.0,12.5,1.2465,0,1,1
April,7.9,16.46,1.37,62.94,0.02,17.06,43,0,1,163.0,62.0,1.0,11.101973684210526,1.163,1,0,1
April,7.9,17.325,4.035,58.42,0.08,19.155,26,1,0,180.0,85.0,1.0,10.0,1.27155,0,1,0
April,7.7,17.02,1.92,69.17,0.07,16.69,27,1,0,185.0,95.0,-1.0,2.5,1.0962,0,1,-1
April,6.9,16.21,5.56,67.6,0.09635483870967741,16.12,30,0,1,160.0,60.0,1.0,7.5,1.2966,0,1,1
April,6.9,15.06,2.05,64.16,0.05,16.69,30,0,1,165.0,53.0,1.0,7.5,1.8477,0,1,1
June1,18.094,23.22,2.35,53.23,0.03,23.25,70,0,1,170.0,60.0,1.0,5.0,0.9626,0,1,1
June1,18.188,23.82,0.78,53.68,0.09635483870967741,24.06,32,0,1,165.0,72.0,0.0,5.0,0.7956,1,0,1
June1,18.188,25.08,0.6499999999999999,49.925,0.14,24.5,58,1,0,183.0,80.0,2.0,5.0,0.4616,1,0,0
June1,18.188,25.08,0.6499999999999999,49.925,0.14,24.5,35,1,0,200.0,90.0,2.0,5.0,0.4616,1,0,1
June1,18.188,23.798,0.78,53.53,0.09635483870967741,24.06,59,0,1,169.0,88.0,1.0,5.0,0.4449,0,1,0
June1,18.094,24.65,1.06,52.01,0.01,24.06,20,1,0,185.0,70.0,1.0,5.0,0.4532499999999999,1,0,1
June1,18.094,23.905,0.88,50.12,0.02,23.87,38,0,1,160.0,50.0,1.0,5.0,0.40315,1,0,-1
June1,18.094,24.8,1.198,51.72,0.03,24.12,35,1,0,189.0,85.0,0.0,12.5,0.4616,0,1,1
June1,18.094,25.02,0.585,49.6,0.16,24.685,39,0,1,165.0,65.0,2.0,12.5,0.829,0,1,0
June1,18.5,23.864,4.82,51.14,0.03,23.56,20,1,0,176.0,58.0,1.0,7.5,0.7956,0,1,-1
June1,18.594,25.185000000000002,0.5599999999999999,49.56,0.17,24.845,27,0,1,154.0,53.0,1.0,17.5,0.53675,0,1,1
June1,18.594,24.97,0.736,51.94,0.1,24.81,18,0,1,168.0,50.0,2.0,5.0,0.88745,0,1,1
June1,18.906,24.236,0.91,52.86,0.09635483870967741,24.25,11,1,0,155.0,41.0,2.0,5.0,0.328,0,1,-1
June1,19.188,24.326,0.909,53.03,0.09635483870967741,24.31,72,1,0,170.0,70.0,0.0,5.0,0.6703500000000001,1,0,0
June1,19.5,24.448,0.958,52.5,0.09635483870967741,24.5,10,1,0,152.0,34.0,1.0,17.5,0.8123,0,1,-1
June1,19.5,24.448,0.958,52.5,0.09635483870967741,24.5,13,0,1,166.0,50.0,2.0,2.5,0.73715,0,1,1
June1,19.188,25.36,0.47,50.22,0.1,25.31,46,0,1,162.0,53.0,1.0,2.5,0.7454999999999999,1,0,1
June1,19.313,25.22,0.47,50.51,0.06,24.81,27,1,0,183.0,92.0,0.0,11.101973684210526,0.4616,0,1,-1
June1,19.406,24.67,0.96,52.21,0.09635483870967741,24.69,25,0,1,170.0,65.0,1.0,20.0,0.7622,0,1,1
June1,19.406,25.51,0.77,51.15,0.05,25.0,40,0,1,160.0,44.0,1.0,11.101973684210526,1.03775,0,1,-1
June1,19.188,25.0652,0.88,47.68,0.01,25.12,37,1,0,182.0,92.0,1.0,5.0,0.6703500000000001,1,0,-1
June1,19.594,24.55,1.39,49.59,0.09635483870967741,24.75,24,0,1,163.0,53.0,0.0,2.5,0.9459,0,1,0
June1,19.813,26.9,2.05,50.78,0.0,25.0,80,0,1,170.0,70.0,2.0,5.0,0.5451,0,1,0
June1,20.188,25.574,2.34,56.58,0.09635483870967741,25.12,20,1,0,170.0,65.0,2.0,5.0,0.4449,1,0,0
June1,19.906,26.55,0.57,52.9,0.1,26.19,17,0,1,170.0,53.0,1.0,7.5,0.60355,0,1,-1
June1,19.688,27.276,2.397,51.93,0.01,25.37,7,0,1,120.0,30.0,1.0,7.5,0.3113,0,1,1
June1,19.688,27.526,2.609,52.43,0.01,25.44,34,0,1,165.0,53.0,0.0,7.5,0.45325,0,1,1
June1,20.094,26.974,2.05,50.64,0.0,25.56,34,0,1,170.0,54.0,0.0,10.0,0.58685,0,1,1
June1,20.313,25.426,2.78,56.71,0.04,25.25,47,0,1,183.0,95.0,0.0,2.5,0.2946,0,1,1
June1,20.688,25.76,2.43,55.85,0.09635483870967741,25.81,42,0,1,165.0,59.0,1.0,2.5,0.4282,1,0,1
June1,20.688,26.72,0.74,51.44,0.1,26.69,51,0,1,173.0,108.0,2.0,2.5,0.4449,1,0,-1
June1,20.688,26.75,0.74,51.29,0.1,26.69,51,0,1,178.0,85.0,1.0,2.5,1.4302,0,1,1
June1,20.688,26.75,0.74,51.29,0.1,26.69,60,0,1,165.0,60.0,1.0,2.5,0.4616,0,1,1
June1,20.688,25.83,2.07,53.5,0.01,25.56,32,0,1,174.0,77.0,0.0,5.0,0.7288,1,0,1
June1,20.313,25.536,2.17,53.08,0.09635483870967741,25.88,52,0,1,168.0,70.0,0.0,5.0,0.75385,0,1,1
June1,20.313,26.576,0.87,49.13,0.1,26.75,18,0,1,170.0,72.0,2.0,5.0,0.3113,1,0,0
June1,20.813,26.85,0.815,50.86,0.01,25.75,23,1,0,170.0,75.0,1.0,7.5,0.495,0,1,1
June1,20.406,25.98,1.67,48.41,0.01,25.75,35,0,1,166.0,95.0,1.0,2.5,0.4616,0,1,1
June1,20.406,26.74,0.83,47.7,0.11,26.87,20,0,1,174.0,70.0,1.0,2.5,0.3113,0,1,0
June1,20.406,25.35,2.17,48.83,0.03,25.62,34,1,0,156.0,63.0,0.8417849898580122,5.0,1.20475,0,1,1
June1,22.094,27.75,1.78,47.18,0.11,27.06,16,1,0,165.0,86.0,1.0,11.101973684210526,0.4115,0,1,0
June1,22.0,27.59,0.87,47.43,0.12,27.25,67,0,1,62.0,55.0,-2.0,11.101973684210526,0.4449,0,1,1
June1,22.5,26.12,1.83,51.35,0.09635483870967741,25.94,28,0,1,170.9344262295082,71.19166666666666,0.0,7.5,0.4449,0,1,0
June1,22.688,28.265,1.15,45.1,0.14,28.53,69,1,0,172.0,78.0,1.0,12.5,0.4449,0,1,1
June1,22.688,27.75,0.74,48.57,0.11,27.5,20,0,1,195.0,62.0,0.0,20.0,0.60355,1,0,1
June1,22.688,27.75,0.74,48.57,0.11,27.5,34,1,0,178.0,80.0,0.0,5.0,0.4449,1,0,1
June1,22.688,27.75,0.74,48.57,0.11,27.5,20,1,0,175.0,80.0,-1.0,20.0,0.4616,0,1,1
June1,22.594,26.39,3.04,48.61,0.03,26.25,65,1,0,170.0,70.0,1.0,7.5,0.53675,0,1,1
June1,23.0,27.92,1.8,43.9,0.03,28.12,31,0,1,166.0,60.0,0.0,5.0,0.5284,0,1,0
June1,23.313,27.39,2.197,46.77,0.02,27.31,41,0,1,170.9344262295082,70.0,0.0,11.101973684210526,0.53675,0,1,1
June1,23.313,27.39,2.197,46.77,0.02,27.31,19,0,1,14.0,60.0,0.0,11.101973684210526,0.60355,1,0,1
June1,23.313,27.2,2.17,51.18,0.09635483870967741,27.0,23,1,0,178.0,65.0,2.0,11.101973684210526,0.58685,0,1,1
June1,23.0,28.47,0.43,45.46,0.11,28.38,24,1,0,178.0,63.0,0.0,10.0,0.72045,1,0,-1
June1,23.0,27.26,2.0,47.98,0.09635483870967741,27.13,36,1,0,186.0,80.0,0.8417849898580122,2.5,0.7622,1,0,1
June1,22.906,26.76,1.21528,43.62,0.09635483870967741,27.13,86,1,0,160.0,59.0,1.0,7.5,0.5618,1,0,1
June1,23.406,26.826,1.22,44.16,0.09635483870967741,27.13,21,0,1,173.0,70.0,1.0,7.5,0.60355,0,1,0
June1,23.406,28.09,0.65,43.26,0.11,28.06,57,1,0,175.0,76.0,1.0,7.5,0.4616,1,0,0
June1,23.406,27.2,2.52,43.96,0.04,27.31,41,0,1,170.0,60.0,1.0,7.5,0.4783000000000001,0,1,1
June1,23.688,27.33,0.51,43.59,0.02,27.13,62,0,1,170.9344262295082,71.19166666666666,1.0,2.5,0.45325,0,1,1
June1,23.906,27.12,1.31,45.29,0.09635483870967741,27.25,60,1,0,180.0,71.19166666666666,1.0,10.0,0.4198500000000001,0,1,0
June1,23.813,27.35,2.47,44.66,0.04,27.37,18,0,1,168.0,51.0,1.0,10.0,0.4616,0,1,1
June1,23.906,28.37,0.48,44.13,0.11,28.38,25,0,1,175.0,55.0,1.0,10.0,0.3948,0,1,1
June1,24.094,27.42,2.6,45.12,0.04,27.5,52,0,1,162.0,50.0,1.0,10.0,0.58685,1,0,1
June1,23.906,28.775,1.065,40.98,0.13,28.97,26,0,1,165.0,53.0,2.0,7.5,0.4616,1,0,0
June1,23.813,27.24,1.34,44.29,0.09635483870967741,27.5,30,1,0,170.0,80.0,1.0,2.5,0.75385,1,0,-1
June1,23.813,27.24,1.34,44.29,0.09635483870967741,27.5,26,0,1,163.0,71.19166666666666,2.0,7.5,0.7789,0,1,-1
June1,23.406,27.16,1.31,43.71,0.09635483870967741,27.5,67,0,1,170.0,80.0,1.0,7.5,0.4449,0,1,-1
June1,23.688,27.375,1.14,40.08,0.02,27.56,71,0,1,165.0,75.0,1.0,11.101973684210526,0.4449,1,0,0
June1,23.688,27.64,0.64,42.71,0.03,27.06,32,1,0,187.0,80.0,2.0,5.0,0.60355,0,1,1
June1,24.5,28.46,0.6,40.98,0.12,28.38,50,0,1,172.0,98.0,1.0,10.0,0.4449,1,0,1
June1,24.188,28.05,0.78,39.59,0.11,28.31,27,0,1,183.0,80.0,1.0,5.0,0.50335,0,1,1
June1,24.313,28.619999999999997,1.1,38.445,0.32,29.09,20,0,1,175.0,80.0,-1.0,11.101973684210526,0.4532499999999999,1,0,1
June1,24.406,26.92,1.26,40.15,0.09635483870967741,27.5,44,1,0,174.0,80.0,1.0,5.0,0.3113,0,1,0
June1,25.094,27.1,0.51,41.61,0.01,26.69,27,1,0,183.0,92.0,1.0,2.5,0.4616,1,0,1
June1,24.406,27.1,1.65,38.97,0.03,27.31,53,0,1,170.0,76.0,1.0,15.0,0.43655,0,1,1
June1,24.094,28.45,0.78,40.67,0.15,28.5,18,1,0,180.0,63.0,2.0,2.5,0.7037500000000001,0,1,-1
June1,25.406,27.015,1.365,38.230000000000004,0.16,28.939999999999998,30,0,1,176.0,90.0,1.0,5.0,0.83735,0,1,0
June1,25.406,27.015,1.365,38.230000000000004,0.16,28.939999999999998,22,0,1,168.0,71.19166666666666,1.0,2.5,0.328,0,1,0
June1,25.406,27.015,1.365,38.230000000000004,0.16,28.939999999999998,22,1,0,183.0,74.0,2.0,2.5,0.4616,1,0,0
June1,25.406,27.015,1.365,38.230000000000004,0.16,28.939999999999998,24,0,1,174.0,55.0,2.0,2.5,0.3113,0,1,1
June1,25.5,25.265,1.056,39.88,0.03,25.94,11,1,0,176.0,67.0,1.0,5.0,0.4115,0,1,1
June1,25.5,26.515,1.5,38.71,0.21,28.5,30,0,1,171.0,57.0,1.0,7.5,0.7455,1,0,-1
June1,25.5,24.765,1.27,39.59,0.03,25.56,14,1,0,168.0,80.0,1.0,12.5,0.4616,0,1,-1
June2,23.406,24.256999999999998,0.5449999999999999,25.379999999999995,0.15,24.03,40,1,0,187.0,80.0,2.0,2.5,0.55345,0,1,0
June2,23.594,24.75,1.29,54.72,0.02,23.62,44,0,1,163.0,62.0,2.0,5.0,0.7454999999999999,0,1,0
June2,23.594,24.568,0.475,54.2,0.1,24.25,26,0,1,167.0,62.0,1.0,5.0,0.45325,0,1,1
June2,23.906,24.72,1.03,55.04,0.02,23.69,35,1,0,189.0,85.0,1.0,5.0,0.55345,1,0,1
June2,24.0,24.905,1.13,54.355000000000004,0.07,24.345,42,0,1,166.0,120.0,0.0,7.5,0.46995,0,1,1
June2,24.0,25.24,0.9,55.38,0.0,24.06,37,0,1,172.0,60.0,2.0,5.0,0.4115,0,1,0
June2,24.0,24.66,1.21,54.43,0.03,24.44,58,1,0,176.0,63.0,1.0,12.5,0.40315,0,1,0
June2,24.094,24.935000000000002,0.48,54.55,0.39,24.22,31,1,0,182.0,105.0,1.0,12.5,0.75385,0,1,1
June2,24.094,25.23,0.73,55.025000000000006,0.07,24.685000000000002,42,1,0,180.0,80.0,2.0,5.0,0.4616,0,1,0
June2,24.094,25.36,0.94,55.42,0.03,24.19,56,1,0,183.0,120.0,1.0,12.5,0.68705,0,1,1
June2,24.094,24.990000000000002,0.475,54.41,0.24,24.28,32,1,0,183.0,72.0,1.0,5.0,0.4616,0,1,-1
June2,24.313,25.125,0.44999999999999996,54.205,0.39,24.435000000000002,52,0,1,171.0,68.0,1.0,7.5,0.43655,1,0,1
June2,24.406,24.9975,1.27,53.98,0.0,24.5,31,1,0,177.0,130.0,1.0,7.5,0.328,0,1,1
June2,24.5,25.86,0.98,54.46,0.02,24.63,24,1,0,170.9344262295082,71.19166666666666,2.0,11.101973684210526,0.2779,0,1,0
June2,24.688,25.31,1.32,54.3,0.01,24.75,33,0,1,155.0,48.0,1.0,5.0,0.45325,1,0,1
June2,24.813,26.12,1.12,54.16,0.03,24.94,0,0,1,170.0,59.0,0.0,5.0,0.45325,0,1,1
June2,25.094,25.73,1.23,53.94,0.0,25.25,37,0,1,172.0,57.0,1.0,11.101973684210526,0.8874500000000001,0,1,0
June2,25.094,26.207,0.675,54.505,0.07,25.655,43,1,0,142.0,85.0,2.0,11.101973684210526,0.328,1,0,1
June2,25.5,26.857,0.9500000000000001,52.635000000000005,0.09,25.845,45,0,1,172.0,105.0,2.0,2.5,0.3614,0,1,1
June2,25.594,27.25,0.64,52.42,0.02,25.69,35,1,0,189.0,85.0,0.0,35.0,0.55345,1,0,1
June2,25.594,26.37,1.45,53.53,0.0,26.06,28,1,0,174.0,65.0,1.0,7.5,0.8958,0,1,1
June2,26.594,29.72,0.975,50.0,0.09,29.065,16,0,1,166.0,58.0,-1.0,7.5,0.328,1,0,1
June2,26.406,29.868000000000002,0.975695,50.255,0.085,29.28,36,1,0,189.0,78.0,2.0,7.5,0.6119,1,0,0
June2,26.5,29.560000000000002,1.24,50.885000000000005,0.1,28.69,38,1,0,170.0,70.0,0.0,10.0,0.45325,1,0,1
June2,26.688,30.086,1.07,55.48,0.02,29.12,26,1,0,194.0,104.0,-1.0,10.0,0.55345,1,0,1
June2,27.09,28.765,1.5,48.35,0.0,28.31,60,1,0,176.0,76.0,1.0,2.5,0.4616,1,0,-1
June2,27.09,28.765,1.5,48.35,0.0,28.31,40,0,1,158.0,70.0,-2.0,2.5,0.6536500000000001,0,1,1
June2,27.09,29.89,0.7799999999999999,45.59,0.13,29.595,64,0,1,170.0,60.0,-2.0,12.5,0.4449,1,0,1
June2,27.09,29.884999999999998,0.735,44.68,0.1,29.715,33,1,0,176.0,79.0,1.0,2.5,0.328,0,1,1
June2,27.09,29.884999999999998,0.735,44.68,0.1,29.715,47,0,1,157.0,60.0,1.0,12.5,0.6703500000000001,1,0,0
June2,27.188,29.93,0.72,45.41,0.09,29.785,52,0,1,156.0,60.0,2.0,17.5,0.43655,1,0,1
June2,27.188,28.8,1.366,47.93,0.01,28.38,30,1,0,179.0,58.0,0.0,17.5,0.4616,0,1,1
June2,27.406,29.598,0.56,46.85,0.0,29.06,36,1,0,175.0,75.0,1.0,5.0,0.3113,0,1,1
June2,27.406,28.84,1.32,46.51,0.01,28.5,31,0,1,169.0,53.0,1.0,5.0,0.2612,1,0,1
June2,27.594,29.84,0.625,44.91,0.09,29.72,15,0,1,162.0,50.0,0.0,2.5,0.3113,0,1,1
June2,27.594,29.84,0.625,44.91,0.09,29.72,52,0,1,162.0,67.0,0.0,2.5,0.53675,0,1,1
June2,27.594,28.905,1.19,45.96,0.02,28.69,44,0,1,183.0,80.0,1.0,5.0,0.45325,1,0,1
June2,27.906,29.2,1.18,47.58,0.02,28.94,34,0,1,160.0,63.0,-1.0,7.5,0.55345,1,0,1
June2,28.0,29.455,0.83,42.86,0.02,29.25,39,1,0,195.0,78.0,1.0,2.5,0.53675,0,1,-1
June2,28.0,30.348,0.73,40.965,0.065,30.405,36,0,1,165.0,71.19166666666666,1.0,17.5,0.45325,1,0,1
June2,27.91,29.9,0.55,43.31,0.05,29.31,27,1,0,183.0,91.0,-1.0,11.101973684210526,0.4616,0,1,1
June2,29.406,30.38,0.9550000000000001,44.724999999999994,0.13,30.72,33,1,0,187.0,70.0,1.0,7.5,0.328,0,1,-1
June2,29.313,29.786,0.73,44.8,0.05,29.5,33,1,0,197.0,160.0,1.0,5.0,0.328,1,0,1
June2,29.313,29.55,1.19,43.765,0.11,29.965,51,0,1,174.0,71.0,0.0,12.5,0.4282,1,0,1
June2,29.41,29.886,0.64,45.95,0.0,29.56,30,0,1,157.0,58.0,1.0,5.0,0.43655,0,1,1
June2,29.688,30.29,1.1099999999999999,43.69,0.16,31.25,39,0,1,176.0,89.0,1.0,12.5,0.5701499999999999,1,0,1
June2,29.688,30.29,1.1099999999999999,43.69,0.16,31.25,20,0,1,170.0,88.0,1.0,5.0,0.53675,0,1,1
June2,29.688,29.884999999999998,0.895,43.489999999999995,0.19,30.255,57,1,0,173.0,85.0,1.0,5.0,0.328,1,0,1
June2,29.5,28.875,0.88,43.18,0.03,29.56,30,0,1,68.0,54.0,2.0,5.0,0.4449,0,1,1
June2,29.91,29.16,1.0,42.84,0.05,30.0,61,0,1,165.0,62.0,0.0,5.0,0.4449,1,0,1
June2,29.91,29.948,1.24,43.52,0.05,31.0,30,0,1,54.0,49.0,0.0,20.0,0.5618,0,1,1
June2,29.91,29.922,1.16,43.55,0.01,31.06,38,1,0,175.0,95.0,1.0,5.0,0.328,0,1,1
June2,29.91,31.14,1.045,45.515,0.12,31.69,45,1,0,171.0,68.0,-1.0,15.0,0.4616,0,1,1
June2,30.188,29.53,0.31,45.91,0.01,29.69,70,1,0,168.0,78.0,1.0,2.5,0.55345,1,0,1
June2,30.188,30.85,0.5,44.03,0.195,30.78,18,0,1,150.0,54.0,1.0,11.101973684210526,0.48665,1,0,1
June2,30.31,29.67,0.44,44.75,0.01,29.81,41,0,1,160.0,58.0,1.0,15.0,0.4449,1,0,1
June2,30.31,30.375,0.895,42.59,0.1,30.685000000000002,27,1,0,170.0,61.0,1.0,7.5,0.4616,0,1,0
June2,29.594,30.974,0.655,43.65,0.15,31.09,30,1,0,190.0,100.0,1.0,7.5,0.328,0,1,1
June2,29.406,30.212,0.3,42.64,0.01,30.44,72,0,1,170.9344262295082,50.0,0.0,7.5,0.43655,0,1,1
June2,29.5,30.14,0.34,43.66,0.04,30.37,60,1,0,178.0,82.0,0.0,7.5,0.328,0,1,1
June2,29.59,29.61,0.75,43.21,0.06,30.31,27,0,1,161.0,75.0,1.0,7.5,0.58685,0,1,1
June2,29.59,29.56,0.75,43.32,0.04,30.31,25,1,0,188.0,79.0,1.0,11.101973684210526,0.4198500000000001,1,0,1
June2,29.59,29.56,0.75,43.32,0.04,30.31,58,0,1,160.0,63.0,0.0,11.101973684210526,0.4449,0,1,1
June2,29.59,29.56,0.75,43.32,0.04,30.31,60,1,0,180.0,98.0,1.0,11.101973684210526,0.5701499999999999,0,1,1
June2,29.59,29.48,0.84,43.89,0.02,30.31,24,1,0,178.0,91.0,0.0,7.5,0.4115,0,1,1
June2,29.688,30.975,1.365,40.635,0.18,32.69,54,0,1,157.0,39.0,-1.0,11.101973684210526,0.4449,0,1,1
June2,29.688,29.47,0.69,45.76,0.05,30.12,42,1,0,183.0,90.0,1.0,10.0,0.4616,1,0,1
June2,29.91,30.425,1.1099999999999999,45.72,0.12,30.905,18,1,0,161.0,60.0,1.0,11.101973684210526,0.328,1,0,1
June2,30.0,31.103,1.4100000000000001,43.394999999999996,0.15,32.66,17,0,1,170.9344262295082,50.0,2.0,5.0,0.3781,0,1,1
June2,30.406,30.51,1.33,47.2,0.01,30.19,20,0,1,153.0,49.0,1.0,22.5,0.3113,0,1,1
June2,30.188,30.986,1.8,49.43,0.0,30.25,55,0,1,167.0,55.0,2.0,15.0,0.3113,1,0,1
June2,30.31,30.84,1.29,51.18,0.05,30.31,17,1,0,168.0,71.19166666666666,-1.0,15.0,0.328,1,0,1
June2,30.594,30.19,0.53,49.04,0.03,30.37,59,0,1,165.0,63.0,1.0,7.5,0.45325,1,0,1
June2,31.094,31.2,0.77,42.96,0.06,30.69,34,0,1,145.0,65.0,1.0,15.0,0.4616,1,0,1
June2,31.906,30.58,0.53,41.69,0.0,30.94,84,0,1,158.0,71.19166666666666,2.0,7.5,0.4282,1,0,1
June2,32.313,31.08,0.44,45.38,0.01,31.12,29,1,0,185.0,88.0,1.0,5.0,0.40315,0,1,1
June2,32.313,31.08,0.44,45.38,0.01,31.12,28,0,1,170.0,64.0,1.0,5.0,0.43655,0,1,1
June2,32.188,32.53,0.655,43.025000000000006,0.135,32.405,16,0,1,165.0,62.0,0.0,15.0,0.53675,1,0,1
June2,32.188,31.77,1.16,40.76,0.01,32.56,24,0,1,170.0,62.0,1.0,5.0,0.55345,1,0,1
June2,32.094,31.375,0.49,42.92,0.03,31.31,16,0,1,164.0,71.19166666666666,1.0,5.0,0.5785,1,0,1
June2,32.094,31.53,0.57,43.0,0.04,31.37,15,0,1,173.0,63.0,0.0,7.5,0.4616,1,0,1
June2,32.81,31.72,0.58,35.41,0.02,31.62,20,0,1,170.0,55.0,0.0,2.5,0.60355,0,1,1
June2,32.688,32.415,1.305,37.455,0.16,33.815,22,1,0,175.0,73.0,0.0,10.0,0.4616,0,1,1
June2,32.688,32.2,0.825,38.385,0.105,32.405,14,1,0,180.0,64.0,1.0,22.5,0.68705,1,0,1
June2,32.688,32.2,0.825,38.385,0.11,32.405,14,1,0,170.0,49.0,0.0,22.5,0.4449,0,1,1
June2,32.688,31.59,0.39,38.03,0.04,31.69,56,1,0,165.0,56.0,1.0,11.101973684210526,0.328,1,0,1
June2,32.688,31.84,0.6,43.06,0.0,32.06,64,0,1,152.0,54.0,2.0,17.5,0.45325,0,1,1
June2,32.688,32.381,0.67,43.44,0.13,32.56,39,0,1,160.0,65.0,1.0,7.5,0.5284,1,0,1
June2,32.688,29.405,1.3,43.6,0.14,30.375,32,0,1,164.0,73.0,2.0,7.5,0.45325,1,0,1
June2,32.5,32.58,0.655,43.415,0.14,32.660000000000004,23,0,1,167.0,64.0,1.0,20.0,0.46995,1,0,1
June2,32.594,31.4975,0.401,43.92,0.01,31.81,20,0,1,168.0,54.0,1.0,11.101973684210526,0.3113,1,0,1
June2,32.594,32.8,0.585,42.985,0.18,32.75,63,0,1,163.0,75.0,1.0,5.0,0.45325,1,0,1
June2,32.594,32.02,0.82,44.36,0.06,32.69,24,0,1,180.0,70.0,1.0,5.0,0.33635,0,1,1
June2,33.0,32.6575,0.4788,42.15,0.02,32.44,52,0,1,160.0,54.0,1.0,15.0,0.4782999999999999,0,1,1
June2,33.188,33.16,0.74,45.28,0.12,33.13,24,0,1,174.0,64.0,2.0,11.101973684210526,0.328,0,1,1
June2,31.906,33.099999999999994,0.715,44.38,0.115,33.125,33,0,1,168.0,58.0,-1.0,2.5,0.45325,0,1,1
June2,31.688,33.724999999999994,1.455,40.129999999999995,0.14,35.065,21,1,0,171.0,65.0,1.0,11.101973684210526,0.4782999999999999,1,0,1
June2,31.688,32.3,0.69,43.2,0.02,32.94,83,0,1,171.0,59.0,0.0,5.0,0.45325,0,1,1
June2,31.688,32.3,0.69,43.2,0.02,32.94,29,0,1,178.0,90.0,-1.0,5.0,0.3113,0,1,1
June2,31.906,32.769999999999996,0.785,40.89,0.15,33.095,50,0,1,156.0,80.0,1.0,11.101973684210526,0.52005,1,0,1
June2,32.594,32.57,1.065,42.675,0.12,33.035,42,0,1,180.0,62.0,1.0,7.5,0.45325,1,0,1
June2,32.813,32.71,0.55,46.26,0.02,32.94,65,0,1,164.0,50.0,1.0,7.5,0.4449,0,1,1
June2,32.594,32.65,0.47,47.91,0.01,32.81,56,1,0,185.0,75.0,0.0,17.5,0.5618,1,0,1
June2,32.094,32.36,0.788,42.4,0.04,32.88,21,0,1,174.0,55.0,1.0,11.101973684210526,0.328,0,1,1
June2,31.813,32.7,0.43,42.41,0.07,32.81,11,0,1,164.0,60.0,0.0,7.5,0.328,0,1,1
June2,32.188,33.775000000000006,0.5850000000000001,40.97,0.16,33.875,30,1,0,175.0,78.0,0.0,5.0,0.4115,1,0,1
June2,32.906,32.15,0.86,42.6,0.0,32.75,40,1,0,174.0,48.0,1.0,20.0,0.328,1,0,1
June2,33.094,32.112,1.07,42.81,0.02,32.75,34,0,1,163.0,61.0,0.0,7.5,0.3113,1,0,1
June2,33.594,33.665,1.47,39.9,0.16,35.315,26,1,0,182.0,57.0,1.0,11.101973684210526,0.6119,0,1,1
June2,33.594,33.665,1.47,39.9,0.16,35.315,27,0,1,163.0,60.0,1.0,11.101973684210526,0.4282,0,1,1
June2,33.594,33.665,1.47,39.9,0.16,35.315,0,0,1,170.9344262295082,71.19166666666666,0.0,22.5,0.43655,1,0,1
June2,33.094,33.989000000000004,1.4300000000000002,38.46,0.15,35.375,18,0,1,164.0,58.0,0.0,11.101973684210526,0.45325,1,0,0
June2,33.0,32.03,0.7,41.81,0.02,32.56,41,0,1,165.0,71.19166666666666,1.0,11.101973684210526,0.3948,0,1,1
June2,31.906,32.87,1.1749999999999998,38.985,0.195,33.5,24,1,0,170.0,70.0,1.0,5.0,0.495,0,1,1
